Country,Year,Happiness Score,GDP per Capita,Life Expectancy
Switzerland,2015,7.587,1.39651,0.94143
Iceland,2015,7.561,1.30232,0.94784
Denmark,2015,7.527,1.32548,0.87464
Norway,2015,7.522,1.459,0.88521
Canada,2015,7.427,1.32629,0.90563
Finland,2015,7.406,1.29025,0.88911
Netherlands,2015,7.378,1.32944,0.89284
Sweden,2015,7.364,1.33171,0.91087
New Zealand,2015,7.286,1.25018,0.90837
Australia,2015,7.284,1.33358,0.93156
Israel,2015,7.278,1.22857,0.91387
Costa Rica,2015,7.226,0.95578,0.86027
Austria,2015,7.2,1.33723,0.89042
Mexico,2015,7.187,1.02054,0.81444
United States,2015,7.119,1.39451,0.86179
Brazil,2015,6.983,0.98124,0.69702
Luxembourg,2015,6.946,1.56391,0.91894
Ireland,2015,6.94,1.33596,0.89533
Belgium,2015,6.937,1.30782,0.89667
United Arab Emirates,2015,6.901,1.42727,0.80925
United Kingdom,2015,6.867,1.26637,0.90943
Oman,2015,6.853,1.36011,0.76276
Venezuela,2015,6.81,1.04424,0.72052
Singapore,2015,6.798,1.52186,1.02525
Panama,2015,6.786,1.06353,0.79661
Germany,2015,6.75,1.32792,0.89186
Chile,2015,6.67,1.10715,0.85857
Qatar,2015,6.611,1.69042,0.79733
France,2015,6.575,1.27778,0.94579
Argentina,2015,6.574,1.05351,0.78723
Czech Republic,2015,6.505,1.17898,0.84483
Uruguay,2015,6.485,1.06166,0.8116
Colombia,2015,6.477,0.91861,0.69077
Thailand,2015,6.455,0.9669,0.7385
Saudi Arabia,2015,6.411,1.39541,0.72025
Spain,2015,6.329,1.23011,0.95562
Malta,2015,6.302,1.2074,0.88721
Taiwan,2015,6.298,1.29098,0.8753
Kuwait,2015,6.295,1.55422,0.72492
Suriname,2015,6.269,0.99534,0.6082
Trinidad and Tobago,2015,6.168,1.21183,0.61483
El Salvador,2015,6.13,0.76454,0.67737
Guatemala,2015,6.123,0.74553,0.64425
Uzbekistan,2015,6.003,0.63244,0.59772
Slovakia,2015,5.995,1.16891,0.78902
Japan,2015,5.987,1.27074,0.99111
South Korea,2015,5.984,1.24461,0.96538
Ecuador,2015,5.975,0.86402,0.79075
Bahrain,2015,5.96,1.32376,0.74716
Italy,2015,5.948,1.25114,0.95446
Bolivia,2015,5.89,0.68133,0.5392
Moldova,2015,5.889,0.59448,0.61826
Paraguay,2015,5.878,0.75985,0.66098
Kazakhstan,2015,5.855,1.12254,0.64368
Slovenia,2015,5.848,1.18498,0.87337
Lithuania,2015,5.833,1.14723,0.73128
Nicaragua,2015,5.828,0.59325,0.74314
Peru,2015,5.824,0.90019,0.73017
Belarus,2015,5.813,1.03192,0.73608
Poland,2015,5.791,1.12555,0.77903
Malaysia,2015,5.77,1.12486,0.72394
Croatia,2015,5.759,1.08254,0.78805
Libya,2015,5.754,1.13145,0.7038
Russia,2015,5.716,1.13764,0.66926
Jamaica,2015,5.709,0.81038,0.68741
North Cyprus,2015,5.695,1.20806,0.92356
Cyprus,2015,5.689,1.20813,0.92356
Algeria,2015,5.605,0.93929,0.61766
Kosovo,2015,5.589,0.80148,0.63132
Turkmenistan,2015,5.548,0.95847,0.53886
Mauritius,2015,5.477,1.00761,0.7095
Hong Kong,2015,5.474,1.38604,1.01328
Estonia,2015,5.429,1.15174,0.77361
Indonesia,2015,5.399,0.82827,0.63793
Vietnam,2015,5.36,0.63216,0.74676
Turkey,2015,5.332,1.06098,0.73172
Kyrgyzstan,2015,5.286,0.47428,0.65088
Nigeria,2015,5.268,0.65435,0.16007
Bhutan,2015,5.253,0.77042,0.57407
Azerbaijan,2015,5.212,1.02389,0.64045
Pakistan,2015,5.194,0.59543,0.51466
Jordan,2015,5.192,0.90198,0.69639
Montenegro,2015,5.192,0.97438,0.72521
China,2015,5.14,0.89012,0.81658
Zambia,2015,5.129,0.47038,0.29924
Romania,2015,5.124,1.04345,0.7689
Serbia,2015,5.123,0.92053,0.74836
Portugal,2015,5.102,1.15991,0.87519
Latvia,2015,5.098,1.11312,0.72437
Philippines,2015,5.073,0.70532,0.58114
Somaliland region,2015,5.057,0.18847,0.43873
Morocco,2015,5.013,0.73479,0.60954
Macedonia,2015,5.007,0.91851,0.73545
Mozambique,2015,4.971,0.08308,0.09131
Albania,2015,4.959,0.87867,0.81325
Bosnia and Herzegovina,2015,4.949,0.83223,0.79081
Lesotho,2015,4.898,0.37545,0.07612
Dominican Republic,2015,4.885,0.89537,0.66825
Laos,2015,4.876,0.59066,0.54909
Mongolia,2015,4.874,0.82819,0.60268
Swaziland,2015,4.867,0.71206,0.07566
Greece,2015,4.857,1.15406,0.88213
Lebanon,2015,4.839,1.02564,0.83947
Hungary,2015,4.8,1.12094,0.75905
Honduras,2015,4.788,0.59532,0.6951
Tajikistan,2015,4.786,0.39047,0.57379
Tunisia,2015,4.739,0.88113,0.73793
Palestinian Territories,2015,4.715,0.59867,0.66015
Bangladesh,2015,4.694,0.39753,0.60164
Iran,2015,4.686,1.0088,0.69805
Ukraine,2015,4.681,0.79907,0.6739
Iraq,2015,4.677,0.98549,0.60237
South Africa,2015,4.642,0.92049,0.27688
Ghana,2015,4.633,0.54558,0.40132
Zimbabwe,2015,4.61,0.271,0.33475
Liberia,2015,4.571,0.0712,0.34201
India,2015,4.565,0.64499,0.51529
Sudan,2015,4.55,0.52107,0.36878
Haiti,2015,4.518,0.26673,0.38847
Congo (Kinshasa),2015,4.517,0.0,0.09806
Nepal,2015,4.514,0.35997,0.56874
Ethiopia,2015,4.512,0.19073,0.44055
Sierra Leone,2015,4.507,0.33024,0.0
Mauritania,2015,4.436,0.45407,0.35874
Kenya,2015,4.419,0.36471,0.41435
Djibouti,2015,4.369,0.44025,0.36291
Armenia,2015,4.35,0.76821,0.7299
Botswana,2015,4.332,0.99355,0.04776
Myanmar,2015,4.307,0.27108,0.48246
Georgia,2015,4.297,0.7419,0.72926
Malawi,2015,4.292,0.01604,0.22562
Sri Lanka,2015,4.271,0.83524,0.70806
Cameroon,2015,4.252,0.4225,0.23402
Bulgaria,2015,4.218,1.01216,0.76649
Egypt,2015,4.194,0.8818,0.61712
Yemen,2015,4.077,0.54649,0.40064
Angola,2015,4.033,0.75778,0.16683
Mali,2015,3.995,0.26074,0.20583
Congo (Brazzaville),2015,3.989,0.67866,0.31051
Comoros,2015,3.956,0.23906,0.36315
Uganda,2015,3.931,0.21102,0.33861
Senegal,2015,3.904,0.36498,0.4354
Gabon,2015,3.896,1.06024,0.43372
Niger,2015,3.845,0.0694,0.29707
Cambodia,2015,3.819,0.46038,0.61114
Tanzania,2015,3.781,0.2852,0.38215
Madagascar,2015,3.681,0.20824,0.46721
Central African Republic,2015,3.678,0.0785,0.06699
Chad,2015,3.667,0.34193,0.1501
Guinea,2015,3.656,0.17417,0.24009
Ivory Coast,2015,3.655,0.46534,0.15185
Burkina Faso,2015,3.587,0.25812,0.27125
Afghanistan,2015,3.575,0.31982,0.30335
Rwanda,2015,3.465,0.22208,0.42864
Benin,2015,3.34,0.28665,0.3191
Syria,2015,3.006,0.6632,0.72193
Burundi,2015,2.905,0.0153,0.22396
Togo,2015,2.839,0.20868,0.28443
Denmark,2016,7.526,1.44178,0.79504
Switzerland,2016,7.509,1.52733,0.86303
Iceland,2016,7.501,1.42666,0.86733
Norway,2016,7.498,1.57744,0.79579
Finland,2016,7.413,1.40598,0.81091
Canada,2016,7.404,1.44015,0.8276
Netherlands,2016,7.339,1.46468,0.81231
New Zealand,2016,7.334,1.36066,0.83096
Australia,2016,7.313,1.44443,0.8512
Sweden,2016,7.291,1.45181,0.83121
Israel,2016,7.267,1.33766,0.84917
Austria,2016,7.119,1.45038,0.80565
United States,2016,7.104,1.50796,0.779
Costa Rica,2016,7.087,1.06879,0.76146
Puerto Rico,2016,7.039,1.35943,0.77758
Germany,2016,6.994,1.44787,0.81487
Brazil,2016,6.952,1.08754,0.61415
Belgium,2016,6.929,1.42539,0.81959
Ireland,2016,6.907,1.48341,0.81455
Luxembourg,2016,6.871,1.69752,0.84542
Mexico,2016,6.778,1.11508,0.71143
Singapore,2016,6.739,1.64555,0.94719
United Kingdom,2016,6.725,1.40283,0.80991
Chile,2016,6.705,1.2167,0.81883
Panama,2016,6.701,1.18306,0.70835
Argentina,2016,6.65,1.15137,0.69711
Czech Republic,2016,6.596,1.30915,0.76376
United Arab Emirates,2016,6.573,1.57352,0.72993
Uruguay,2016,6.545,1.18157,0.72183
Malta,2016,6.488,1.30782,0.80315
Colombia,2016,6.481,1.03032,0.59659
France,2016,6.478,1.39488,0.83795
Thailand,2016,6.474,1.0893,0.64915
Saudi Arabia,2016,6.379,1.48953,0.59267
Taiwan,2016,6.379,1.39729,0.79565
Qatar,2016,6.375,1.82427,0.71723
Spain,2016,6.361,1.34253,0.87896
Algeria,2016,6.355,1.05266,0.61804
Guatemala,2016,6.324,0.83454,0.54039
Suriname,2016,6.269,1.09686,0.50933
Kuwait,2016,6.239,1.61714,0.63569
Bahrain,2016,6.218,1.44024,0.65696
Trinidad and Tobago,2016,6.168,1.32572,0.52608
Venezuela,2016,6.084,1.13367,0.61904
Slovakia,2016,6.078,1.27973,0.70367
El Salvador,2016,6.068,0.8737,0.596
Malaysia,2016,6.005,1.25142,0.62366
Nicaragua,2016,5.992,0.69384,0.65213
Uzbekistan,2016,5.987,0.73591,0.50163
Italy,2016,5.977,1.35495,0.85102
Ecuador,2016,5.976,0.97306,0.68613
Belize,2016,5.956,0.87616,0.45569
Japan,2016,5.921,1.38007,0.91491
Kazakhstan,2016,5.919,1.22943,0.57386
Moldova,2016,5.897,0.69177,0.52309
Russia,2016,5.856,1.23228,0.58991
Poland,2016,5.835,1.24585,0.69058
South Korea,2016,5.835,1.35948,0.88645
Bolivia,2016,5.822,0.79422,0.4697
Lithuania,2016,5.813,1.2692,0.64674
Belarus,2016,5.802,1.13062,0.63104
North Cyprus,2016,5.771,1.31141,0.84142
Slovenia,2016,5.768,1.29947,0.79151
Peru,2016,5.743,0.99602,0.62994
Turkmenistan,2016,5.658,1.08017,0.44006
Mauritius,2016,5.648,1.14372,0.66189
Libya,2016,5.615,1.06688,0.52304
Latvia,2016,5.56,1.21788,0.63952
Cyprus,2016,5.546,1.31857,0.8488
Paraguay,2016,5.538,0.89373,0.58295
Romania,2016,5.528,1.1697,0.67602
Estonia,2016,5.517,1.27964,0.68098
Jamaica,2016,5.51,0.89333,0.59469
Croatia,2016,5.488,1.18649,0.70524
Hong Kong,2016,5.458,1.5107,0.95277
Somalia,2016,5.44,0.0,0.11466
Kosovo,2016,5.401,0.90145,0.54
Turkey,2016,5.389,1.16492,0.64718
Indonesia,2016,5.314,0.95104,0.49374
Jordan,2016,5.303,0.99673,0.60712
Azerbaijan,2016,5.291,1.12373,0.54504
Philippines,2016,5.279,0.81217,0.47036
China,2016,5.245,1.0278,0.73561
Bhutan,2016,5.196,0.8527,0.49759
Kyrgyzstan,2016,5.185,0.56044,0.55449
Serbia,2016,5.177,1.03437,0.6458
Bosnia and Herzegovina,2016,5.163,0.93383,0.70766
Montenegro,2016,5.161,1.07838,0.63533
Dominican Republic,2016,5.155,1.02787,0.57669
Morocco,2016,5.151,0.84058,0.59471
Hungary,2016,5.145,1.24142,0.67608
Pakistan,2016,5.132,0.68816,0.40306
Lebanon,2016,5.129,1.12268,0.76171
Portugal,2016,5.123,1.27607,0.79363
Macedonia,2016,5.121,1.0193,0.64738
Vietnam,2016,5.061,0.74037,0.66157
Somaliland Region,2016,5.057,0.25558,0.33108
Tunisia,2016,5.045,0.97724,0.59577
Greece,2016,5.033,1.24886,0.80029
Tajikistan,2016,4.996,0.48835,0.53119
Mongolia,2016,4.907,0.98853,0.55469
Laos,2016,4.876,0.68042,0.38291
Nigeria,2016,4.875,0.75216,0.05108
Honduras,2016,4.871,0.69429,0.58383
Iran,2016,4.813,1.11758,0.64232
Zambia,2016,4.795,0.61202,0.23573
Nepal,2016,4.793,0.44626,0.50073
Palestinian Territories,2016,4.754,0.67024,0.56844
Albania,2016,4.655,0.9553,0.73007
Bangladesh,2016,4.643,0.54177,0.52989
Sierra Leone,2016,4.635,0.36485,0.0
Iraq,2016,4.575,1.07474,0.51076
Namibia,2016,4.574,0.93287,0.34745
Cameroon,2016,4.513,0.52497,0.12698
Ethiopia,2016,4.508,0.29283,0.34578
South Africa,2016,4.459,1.02416,0.18611
Sri Lanka,2016,4.415,0.97318,0.62007
India,2016,4.404,0.74036,0.45091
Myanmar,2016,4.395,0.34112,0.3988
Egypt,2016,4.362,0.95395,0.52116
Armenia,2016,4.36,0.86086,0.64083
Kenya,2016,4.356,0.52267,0.30147
Ukraine,2016,4.324,0.87287,0.58628
Ghana,2016,4.276,0.63107,0.29681
Congo (Kinshasa),2016,4.272,0.05661,0.188
Georgia,2016,4.252,0.83792,0.64035
Congo (Brazzaville),2016,4.236,0.77109,0.28212
Senegal,2016,4.219,0.44314,0.40457
Bulgaria,2016,4.217,1.11306,0.67806
Mauritania,2016,4.201,0.61391,0.28639
Zimbabwe,2016,4.193,0.35041,0.1595
Malawi,2016,4.156,0.08709,0.29364
Sudan,2016,4.139,0.63069,0.29759
Gabon,2016,4.121,1.15851,0.3494
Mali,2016,4.073,0.31292,0.16347
Haiti,2016,4.028,0.34097,0.27494
Botswana,2016,3.974,1.09426,0.34752
Comoros,2016,3.956,0.27509,0.29981
Ivory Coast,2016,3.916,0.55507,0.04476
Cambodia,2016,3.907,0.55604,0.42494
Angola,2016,3.866,0.84731,0.04991
Niger,2016,3.856,0.1327,0.26162
South Sudan,2016,3.832,0.39394,0.15781
Chad,2016,3.763,0.42214,0.03824
Burkina Faso,2016,3.739,0.31995,0.21297
Uganda,2016,3.739,0.34719,0.19625
Yemen,2016,3.724,0.57939,0.31048
Madagascar,2016,3.695,0.27954,0.37109
Tanzania,2016,3.666,0.47155,0.357
Liberia,2016,3.622,0.10706,0.23165
Guinea,2016,3.607,0.22415,0.18829
Rwanda,2016,3.515,0.32846,0.31865
Benin,2016,3.484,0.39499,0.21028
Afghanistan,2016,3.36,0.38227,0.17344
Togo,2016,3.303,0.28123,0.24811
Syria,2016,3.069,0.74719,0.62994
Burundi,2016,2.905,0.06831,0.15747
Norway,2017,7.53700017929077,1.61646318435669,0.796666502952576
Denmark,2017,7.52199983596802,1.48238301277161,0.792565524578094
Iceland,2017,7.50400018692017,1.480633020401,0.833552122116089
Switzerland,2017,7.49399995803833,1.56497955322266,0.858131289482117
Finland,2017,7.4689998626709,1.44357192516327,0.80915766954422
Netherlands,2017,7.3769998550415,1.50394463539124,0.810696125030518
Canada,2017,7.31599998474121,1.47920441627502,0.83455765247345
New Zealand,2017,7.31400012969971,1.40570604801178,0.816759705543518
Sweden,2017,7.28399991989136,1.49438726902008,0.830875158309937
Australia,2017,7.28399991989136,1.484414935112,0.84388679265976
Israel,2017,7.21299982070923,1.37538242340088,0.83840399980545
Costa Rica,2017,7.0789999961853,1.10970628261566,0.759509265422821
Austria,2017,7.00600004196167,1.48709726333618,0.815328419208527
United States,2017,6.99300003051758,1.54625928401947,0.77428662776947
Ireland,2017,6.97700023651123,1.53570663928986,0.80978262424469
Germany,2017,6.95100021362305,1.48792338371277,0.798950731754303
Belgium,2017,6.89099979400635,1.46378076076508,0.818091869354248
Luxembourg,2017,6.86299991607666,1.74194359779358,0.845089495182037
United Kingdom,2017,6.71400022506714,1.44163393974304,0.805335938930511
Chile,2017,6.65199995040894,1.25278460979462,0.819479703903198
United Arab Emirates,2017,6.64799976348877,1.62634336948395,0.726798236370087
Brazil,2017,6.63500022888184,1.10735321044922,0.616552352905273
Czech Republic,2017,6.60900020599365,1.35268235206604,0.754444003105164
Argentina,2017,6.59899997711182,1.18529546260834,0.695137083530426
Mexico,2017,6.57800006866455,1.15318381786346,0.709978997707367
Singapore,2017,6.57200002670288,1.69227766990662,0.949492394924164
Malta,2017,6.52699995040894,1.34327983856201,0.821944236755371
Uruguay,2017,6.4539999961853,1.21755969524384,0.719216823577881
Guatemala,2017,6.4539999961853,0.872001945972443,0.540239989757538
Panama,2017,6.4520001411438,1.23374843597412,0.706156134605408
France,2017,6.44199991226196,1.43092346191406,0.844465851783752
Thailand,2017,6.42399978637695,1.12786877155304,0.647239029407501
Taiwan Province of China,2017,6.42199993133545,1.43362653255463,0.793984234333038
Spain,2017,6.40299987792969,1.38439786434174,0.888960599899292
Qatar,2017,6.375,1.87076568603516,0.710098087787628
Colombia,2017,6.35699987411499,1.07062232494354,0.595027923583984
Saudi Arabia,2017,6.3439998626709,1.53062355518341,0.590148329734802
Trinidad and Tobago,2017,6.16800022125244,1.36135590076447,0.519983291625977
Kuwait,2017,6.10500001907349,1.63295245170593,0.632105708122253
Slovakia,2017,6.09800004959106,1.32539355754852,0.712732911109924
Bahrain,2017,6.08699989318848,1.48841226100922,0.653133034706116
Malaysia,2017,6.08400011062622,1.29121541976929,0.618784427642822
Nicaragua,2017,6.07100009918213,0.737299203872681,0.653095960617065
Ecuador,2017,6.00799989700317,1.00082039833069,0.685636222362518
El Salvador,2017,6.00299978256226,0.909784495830536,0.596018552780151
Poland,2017,5.97300004959106,1.29178786277771,0.699475347995758
Uzbekistan,2017,5.97100019454956,0.786441087722778,0.498272627592087
Italy,2017,5.96400022506714,1.39506661891937,0.853144347667694
Russia,2017,5.96299982070923,1.28177809715271,0.547349333763123
Belize,2017,5.95599985122681,0.907975316047668,0.450191766023636
Japan,2017,5.92000007629395,1.41691517829895,0.913475871086121
Lithuania,2017,5.90199995040894,1.31458234786987,0.62894994020462
Algeria,2017,5.87200021743774,1.09186446666718,0.617584645748138
Latvia,2017,5.84999990463257,1.26074862480164,0.638566970825195
South Korea,2017,5.83799982070923,1.40167844295502,0.900214076042175
Moldova,2017,5.83799982070923,0.728870630264282,0.589465200901031
Romania,2017,5.82499980926514,1.21768391132355,0.685158312320709
Bolivia,2017,5.82299995422363,0.833756566047668,0.473630249500275
Turkmenistan,2017,5.82200002670288,1.13077676296234,0.437726080417633
Kazakhstan,2017,5.81899976730347,1.28455626964569,0.606041550636292
North Cyprus,2017,5.80999994277954,1.3469113111496,0.834647238254547
Slovenia,2017,5.75799989700317,1.3412059545517,0.790828227996826
Peru,2017,5.71500015258789,1.03522527217865,0.630166113376617
Mauritius,2017,5.62900018692017,1.18939554691315,0.638007462024689
Cyprus,2017,5.62099981307983,1.35593807697296,0.84471470117569
Estonia,2017,5.61100006103516,1.32087934017181,0.695168316364288
Belarus,2017,5.56899976730347,1.15655755996704,0.637714266777039
Libya,2017,5.52500009536743,1.10180306434631,0.520169019699097
Turkey,2017,5.5,1.19827437400818,0.637605607509613
Paraguay,2017,5.49300003051758,0.932537317276001,0.579250693321228
"Hong Kong S.A.R., China",2017,5.47200012207031,1.55167484283447,0.943062424659729
Philippines,2017,5.42999982833862,0.85769921541214,0.468009054660797
Serbia,2017,5.39499998092651,1.06931757926941,0.65078467130661
Jordan,2017,5.33599996566772,0.991012394428253,0.604590058326721
Hungary,2017,5.32399988174438,1.2860119342804,0.687763452529907
Jamaica,2017,5.31099987030029,0.925579309463501,0.641022384166718
Croatia,2017,5.29300022125244,1.22255623340607,0.701288521289825
Kosovo,2017,5.27899980545044,0.951484382152557,0.541452050209045
China,2017,5.27299976348877,1.08116579055786,0.741415500640869
Pakistan,2017,5.26900005340576,0.72688353061676,0.402047783136368
Indonesia,2017,5.26200008392334,0.995538592338562,0.492345720529556
Venezuela,2017,5.25,1.12843120098114,0.617144227027893
Montenegro,2017,5.23699998855591,1.12112903594971,0.667464673519135
Morocco,2017,5.2350001335144,0.878114581108093,0.59771066904068
Azerbaijan,2017,5.23400020599365,1.15360176563263,0.540775775909424
Dominican Republic,2017,5.23000001907349,1.07937383651733,0.574873745441437
Greece,2017,5.22700023651123,1.28948748111725,0.810198903083801
Lebanon,2017,5.22499990463257,1.07498753070831,0.735081076622009
Portugal,2017,5.19500017166138,1.3151752948761,0.795843541622162
Bosnia and Herzegovina,2017,5.18200016021729,0.982409417629242,0.705186307430267
Honduras,2017,5.18100023269653,0.730573117733002,0.582569479942322
Macedonia,2017,5.17500019073486,1.06457793712616,0.644948184490204
Somalia,2017,5.15100002288818,0.0226431842893362,0.113989137113094
Vietnam,2017,5.07399988174438,0.788547575473785,0.652168989181519
Nigeria,2017,5.07399988174438,0.783756256103516,0.0569157302379608
Tajikistan,2017,5.04099988937378,0.524713635444641,0.529235124588013
Bhutan,2017,5.01100015640259,0.885416388511658,0.495879292488098
Kyrgyzstan,2017,5.00400018692017,0.596220076084137,0.553457796573639
Nepal,2017,4.96199989318848,0.479820191860199,0.504130780696869
Mongolia,2017,4.95499992370605,1.02723586559296,0.557783484458923
South Africa,2017,4.8289999961853,1.05469870567322,0.187080070376396
Tunisia,2017,4.80499982833862,1.00726580619812,0.613212049007416
Palestinian Territories,2017,4.77500009536743,0.716249227523804,0.565666973590851
Egypt,2017,4.7350001335144,0.989701807498932,0.520187258720398
Bulgaria,2017,4.71400022506714,1.1614590883255,0.708217680454254
Sierra Leone,2017,4.70900011062622,0.36842092871666,0.0055647538974881
Cameroon,2017,4.69500017166138,0.564305365085602,0.132892116904259
Iran,2017,4.69199991226196,1.15687310695648,0.639333188533783
Albania,2017,4.64400005340576,0.996192753314972,0.731159746646881
Bangladesh,2017,4.60799980163574,0.586682975292206,0.533241033554077
Namibia,2017,4.57399988174438,0.964434325695038,0.33861181139946
Kenya,2017,4.55299997329712,0.560479462146759,0.309988349676132
Mozambique,2017,4.55000019073486,0.234305649995804,0.106654435396194
Myanmar,2017,4.54500007629395,0.367110550403595,0.397522568702698
Senegal,2017,4.53499984741211,0.479309022426605,0.409362852573395
Zambia,2017,4.51399993896484,0.636406779289246,0.257835894823074
Iraq,2017,4.49700021743774,1.10271048545837,0.501180469989777
Gabon,2017,4.46500015258789,1.1982102394104,0.356578588485718
Ethiopia,2017,4.46000003814697,0.339233845472336,0.353409707546234
Sri Lanka,2017,4.44000005722046,1.00985014438629,0.625130832195282
Armenia,2017,4.37599992752075,0.900596737861633,0.637524425983429
India,2017,4.31500005722046,0.792221248149872,0.455427616834641
Mauritania,2017,4.29199981689453,0.648457288742065,0.285349279642105
Congo (Brazzaville),2017,4.29099988937378,0.808964252471924,0.28995743393898
Georgia,2017,4.28599977493286,0.950612664222717,0.649546980857849
Congo (Kinshasa),2017,4.28000020980835,0.0921023488044739,0.191407024860382
Mali,2017,4.19000005722046,0.476180493831635,0.169365674257278
Ivory Coast,2017,4.17999982833862,0.603048920631409,0.0486421696841717
Cambodia,2017,4.16800022125244,0.601765096187592,0.429783403873444
Sudan,2017,4.13899993896484,0.65951669216156,0.290920823812485
Ghana,2017,4.11999988555908,0.667224824428558,0.295637726783752
Ukraine,2017,4.09600019454956,0.89465194940567,0.575903952121735
Uganda,2017,4.08099985122681,0.381430715322495,0.217632606625557
Burkina Faso,2017,4.03200006484985,0.3502277135849,0.215844258666039
Niger,2017,4.02799987792969,0.161925330758095,0.26850500702858
Malawi,2017,3.97000002861023,0.233442038297653,0.315089583396912
Chad,2017,3.93600010871887,0.438012987375259,0.0411347150802612
Zimbabwe,2017,3.875,0.375846534967422,0.196763753890991
Lesotho,2017,3.80800008773804,0.521021246910095,0.0
Angola,2017,3.79500007629395,0.858428180217743,0.0498686656355858
Afghanistan,2017,3.79399991035461,0.401477217674255,0.180746778845787
Botswana,2017,3.76600003242493,1.12209415435791,0.341755509376526
Benin,2017,3.65700006484985,0.431085407733917,0.209930211305618
Madagascar,2017,3.64400005340576,0.305808693170547,0.375223308801651
Haiti,2017,3.6029999256134,0.368610262870789,0.277321130037308
Yemen,2017,3.59299993515015,0.591683447360992,0.310080915689468
South Sudan,2017,3.59100008010864,0.39724862575531,0.163486003875732
Liberia,2017,3.53299999237061,0.119041793048382,0.229918196797371
Guinea,2017,3.50699996948242,0.244549930095673,0.194129139184952
Togo,2017,3.49499988555908,0.305444717407227,0.247105568647385
Rwanda,2017,3.47099995613098,0.368745893239975,0.326424807310104
Syria,2017,3.46199989318848,0.777153134346008,0.50053334236145
Tanzania,2017,3.34899997711182,0.511135876178741,0.364509284496307
Burundi,2017,2.90499997138977,0.091622568666935,0.151610791683197
Central African Republic,2017,2.69300007820129,0.0,0.0187726859003305
Finland,2018,7.632,1.305,0.874
Norway,2018,7.594,1.456,0.861
Denmark,2018,7.555,1.351,0.868
Iceland,2018,7.495,1.343,0.914
Switzerland,2018,7.487,1.42,0.927
Netherlands,2018,7.441,1.361,0.878
Canada,2018,7.328,1.33,0.896
New Zealand,2018,7.324,1.268,0.876
Sweden,2018,7.314,1.355,0.913
Australia,2018,7.272,1.34,0.91
United Kingdom,2018,7.19,1.244,0.888
Austria,2018,7.139,1.341,0.891
Costa Rica,2018,7.072,1.01,0.817
Ireland,2018,6.977,1.448,0.876
Germany,2018,6.965,1.34,0.861
Belgium,2018,6.927,1.324,0.894
Luxembourg,2018,6.91,1.576,0.896
United States,2018,6.886,1.398,0.819
Israel,2018,6.814,1.301,0.883
United Arab Emirates,2018,6.774,2.096,0.67
Czech Republic,2018,6.711,1.233,0.854
Malta,2018,6.627,1.27,0.884
France,2018,6.489,1.293,0.908
Mexico,2018,6.488,1.038,0.761
Chile,2018,6.476,1.131,0.808
Taiwan,2018,6.441,1.365,0.857
Panama,2018,6.43,1.112,0.759
Brazil,2018,6.419,0.986,0.675
Argentina,2018,6.388,1.073,0.744
Guatemala,2018,6.382,0.781,0.608
Uruguay,2018,6.379,1.093,0.771
Qatar,2018,6.374,1.649,0.748
Saudi Arabia,2018,6.371,1.379,0.633
Singapore,2018,6.343,1.529,1.008
Malaysia,2018,6.322,1.161,0.669
Spain,2018,6.31,1.251,0.965
Colombia,2018,6.26,0.96,0.635
Trinidad & Tobago,2018,6.192,1.223,0.564
Slovakia,2018,6.173,1.21,0.776
El Salvador,2018,6.167,0.806,0.639
Nicaragua,2018,6.141,0.668,0.7
Poland,2018,6.123,1.176,0.781
Bahrain,2018,6.105,1.338,0.698
Uzbekistan,2018,6.096,0.719,0.605
Kuwait,2018,6.083,1.474,0.675
Thailand,2018,6.072,1.016,0.707
Italy,2018,6.0,1.264,0.946
Ecuador,2018,5.973,0.889,0.736
Belize,2018,5.956,0.807,0.474
Lithuania,2018,5.952,1.197,0.716
Slovenia,2018,5.948,1.219,0.856
Romania,2018,5.945,1.116,0.726
Latvia,2018,5.933,1.148,0.671
Japan,2018,5.915,1.294,0.988
Mauritius,2018,5.891,1.09,0.684
Jamaica,2018,5.89,0.819,0.693
South Korea,2018,5.875,1.266,0.955
Northern Cyprus,2018,5.835,1.229,0.909
Russia,2018,5.81,1.151,0.599
Kazakhstan,2018,5.79,1.143,0.631
Cyprus,2018,5.762,1.229,0.909
Bolivia,2018,5.752,0.751,0.508
Estonia,2018,5.739,1.2,0.737
Paraguay,2018,5.681,0.835,0.615
Peru,2018,5.663,0.934,0.674
Kosovo,2018,5.662,0.855,0.578
Moldova,2018,5.64,0.657,0.62
Turkmenistan,2018,5.636,1.016,0.517
Hungary,2018,5.62,1.171,0.732
Libya,2018,5.566,0.985,0.553
Philippines,2018,5.524,0.775,0.513
Honduras,2018,5.504,0.62,0.622
Belarus,2018,5.483,1.039,0.7
Turkey,2018,5.483,1.148,0.686
Pakistan,2018,5.472,0.652,0.424
Hong Kong,2018,5.43,1.405,1.03
Portugal,2018,5.41,1.188,0.884
Serbia,2018,5.398,0.975,0.685
Greece,2018,5.358,1.154,0.879
Lebanon,2018,5.358,0.965,0.785
Montenegro,2018,5.347,1.017,0.729
Croatia,2018,5.321,1.115,0.737
Dominican Republic,2018,5.302,0.982,0.614
Algeria,2018,5.295,0.979,0.687
Morocco,2018,5.254,0.779,0.669
China,2018,5.246,0.989,0.799
Azerbaijan,2018,5.201,1.024,0.603
Tajikistan,2018,5.199,0.474,0.598
Macedonia,2018,5.185,0.959,0.691
Jordan,2018,5.161,0.822,0.645
Nigeria,2018,5.155,0.689,0.048
Kyrgyzstan,2018,5.131,0.53,0.594
Bosnia and Herzegovina,2018,5.129,0.915,0.758
Mongolia,2018,5.125,0.914,0.575
Vietnam,2018,5.103,0.715,0.702
Indonesia,2018,5.093,0.899,0.522
Bhutan,2018,5.082,0.796,0.527
Somalia,2018,4.982,0.0,0.115
Cameroon,2018,4.975,0.535,0.182
Bulgaria,2018,4.933,1.054,0.712
Nepal,2018,4.88,0.425,0.539
Venezuela,2018,4.806,0.996,0.657
Gabon,2018,4.758,1.036,0.404
Palestinian Territories,2018,4.743,0.642,0.602
South Africa,2018,4.724,0.94,0.33
Iran,2018,4.707,1.059,0.691
Ivory Coast,2018,4.671,0.541,0.08
Ghana,2018,4.657,0.592,0.337
Senegal,2018,4.631,0.429,0.433
Laos,2018,4.623,0.72,0.441
Tunisia,2018,4.592,0.9,0.69
Albania,2018,4.586,0.916,0.79
Sierra Leone,2018,4.571,0.256,0.0
Congo (Brazzaville),2018,4.559,0.682,0.343
Bangladesh,2018,4.5,0.532,0.579
Sri Lanka,2018,4.471,0.918,0.672
Iraq,2018,4.456,1.01,0.536
Mali,2018,4.447,0.37,0.152
Namibia,2018,4.441,0.874,0.365
Cambodia,2018,4.433,0.549,0.457
Burkina Faso,2018,4.424,0.314,0.254
Egypt,2018,4.419,0.885,0.553
Mozambique,2018,4.417,0.198,0.173
Kenya,2018,4.41,0.493,0.454
Zambia,2018,4.377,0.562,0.295
Mauritania,2018,4.356,0.557,0.292
Ethiopia,2018,4.35,0.308,0.391
Georgia,2018,4.34,0.853,0.643
Armenia,2018,4.321,0.816,0.666
Myanmar,2018,4.308,0.682,0.429
Chad,2018,4.301,0.358,0.053
Congo (Kinshasa),2018,4.245,0.069,0.204
India,2018,4.19,0.721,0.485
Niger,2018,4.166,0.131,0.221
Uganda,2018,4.161,0.322,0.237
Benin,2018,4.141,0.378,0.24
Sudan,2018,4.139,0.605,0.312
Ukraine,2018,4.103,0.793,0.609
Togo,2018,3.999,0.259,0.253
Guinea,2018,3.964,0.344,0.211
Lesotho,2018,3.808,0.472,0.079
Angola,2018,3.795,0.73,0.269
Madagascar,2018,3.774,0.262,0.402
Zimbabwe,2018,3.692,0.357,0.248
Afghanistan,2018,3.632,0.332,0.255
Botswana,2018,3.59,1.017,0.417
Malawi,2018,3.587,0.186,0.306
Haiti,2018,3.582,0.315,0.289
Liberia,2018,3.495,0.076,0.267
Syria,2018,3.462,0.689,0.539
Rwanda,2018,3.408,0.332,0.4
Yemen,2018,3.355,0.442,0.343
Tanzania,2018,3.303,0.455,0.381
South Sudan,2018,3.254,0.337,0.177
Central African Republic,2018,3.083,0.024,0.01
Burundi,2018,2.905,0.091,0.145
Finland,2019,7.769,1.34,0.986
Denmark,2019,7.6,1.383,0.996
Norway,2019,7.554,1.488,1.028
Iceland,2019,7.494,1.38,1.026
Netherlands,2019,7.488,1.396,0.999
Switzerland,2019,7.48,1.452,1.052
Sweden,2019,7.343,1.387,1.009
New Zealand,2019,7.307,1.303,1.026
Canada,2019,7.278,1.365,1.039
Austria,2019,7.246,1.376,1.016
Australia,2019,7.228,1.372,1.036
Costa Rica,2019,7.167,1.034,0.963
Israel,2019,7.139,1.276,1.029
Luxembourg,2019,7.09,1.609,1.012
United Kingdom,2019,7.054,1.333,0.996
Ireland,2019,7.021,1.499,0.999
Germany,2019,6.985,1.373,0.987
Belgium,2019,6.923,1.356,0.986
United States,2019,6.892,1.433,0.874
Czech Republic,2019,6.852,1.269,0.92
United Arab Emirates,2019,6.825,1.503,0.825
Malta,2019,6.726,1.3,0.999
Mexico,2019,6.595,1.07,0.861
France,2019,6.592,1.324,1.045
Taiwan,2019,6.446,1.368,0.914
Chile,2019,6.444,1.159,0.92
Guatemala,2019,6.436,0.8,0.746
Saudi Arabia,2019,6.375,1.403,0.795
Qatar,2019,6.374,1.684,0.871
Spain,2019,6.354,1.286,1.062
Panama,2019,6.321,1.149,0.91
Brazil,2019,6.3,1.004,0.802
Uruguay,2019,6.293,1.124,0.891
Singapore,2019,6.262,1.572,1.141
El Salvador,2019,6.253,0.794,0.789
Italy,2019,6.223,1.294,1.039
Bahrain,2019,6.199,1.362,0.871
Slovakia,2019,6.198,1.246,0.881
Trinidad & Tobago,2019,6.192,1.231,0.713
Poland,2019,6.182,1.206,0.884
Uzbekistan,2019,6.174,0.745,0.756
Lithuania,2019,6.149,1.238,0.818
Colombia,2019,6.125,0.985,0.841
Slovenia,2019,6.118,1.258,0.953
Nicaragua,2019,6.105,0.694,0.835
Kosovo,2019,6.1,0.882,0.758
Argentina,2019,6.086,1.092,0.881
Romania,2019,6.07,1.162,0.825
Cyprus,2019,6.046,1.263,1.042
Ecuador,2019,6.028,0.912,0.868
Kuwait,2019,6.021,1.5,0.808
Thailand,2019,6.008,1.05,0.828
Latvia,2019,5.94,1.187,0.812
South Korea,2019,5.895,1.301,1.036
Estonia,2019,5.893,1.237,0.874
Jamaica,2019,5.89,0.831,0.831
Mauritius,2019,5.888,1.12,0.798
Japan,2019,5.886,1.327,1.088
Honduras,2019,5.86,0.642,0.828
Kazakhstan,2019,5.809,1.173,0.729
Bolivia,2019,5.779,0.776,0.706
Hungary,2019,5.758,1.201,0.828
Paraguay,2019,5.743,0.855,0.777
Northern Cyprus,2019,5.718,1.263,1.042
Peru,2019,5.697,0.96,0.854
Portugal,2019,5.693,1.221,0.999
Pakistan,2019,5.653,0.677,0.535
Russia,2019,5.648,1.183,0.726
Philippines,2019,5.631,0.807,0.657
Serbia,2019,5.603,1.004,0.854
Moldova,2019,5.529,0.685,0.739
Libya,2019,5.525,1.044,0.673
Montenegro,2019,5.523,1.051,0.871
Tajikistan,2019,5.467,0.493,0.718
Croatia,2019,5.432,1.155,0.914
Hong Kong,2019,5.43,1.438,1.122
Dominican Republic,2019,5.425,1.015,0.779
Bosnia and Herzegovina,2019,5.386,0.945,0.845
Turkey,2019,5.373,1.183,0.808
Malaysia,2019,5.339,1.221,0.828
Belarus,2019,5.323,1.067,0.789
Greece,2019,5.287,1.181,0.999
Mongolia,2019,5.285,0.948,0.667
North Macedonia,2019,5.274,0.983,0.838
Nigeria,2019,5.265,0.696,0.245
Kyrgyzstan,2019,5.261,0.551,0.723
Turkmenistan,2019,5.247,1.052,0.657
Algeria,2019,5.211,1.002,0.785
Morocco,2019,5.208,0.801,0.782
Azerbaijan,2019,5.208,1.043,0.769
Lebanon,2019,5.197,0.987,0.815
Indonesia,2019,5.192,0.931,0.66
China,2019,5.191,1.029,0.893
Vietnam,2019,5.175,0.741,0.851
Bhutan,2019,5.082,0.813,0.604
Cameroon,2019,5.044,0.549,0.331
Bulgaria,2019,5.011,1.092,0.815
Ghana,2019,4.996,0.611,0.486
Ivory Coast,2019,4.944,0.569,0.232
Nepal,2019,4.913,0.446,0.677
Jordan,2019,4.906,0.837,0.815
Benin,2019,4.883,0.393,0.397
Congo (Brazzaville),2019,4.812,0.673,0.508
Gabon,2019,4.799,1.057,0.571
Laos,2019,4.796,0.764,0.551
South Africa,2019,4.722,0.96,0.469
Albania,2019,4.719,0.947,0.874
Venezuela,2019,4.707,0.96,0.805
Cambodia,2019,4.7,0.574,0.637
Palestinian Territories,2019,4.696,0.657,0.672
Senegal,2019,4.681,0.45,0.571
Somalia,2019,4.668,0.0,0.268
Namibia,2019,4.639,0.879,0.477
Niger,2019,4.628,0.138,0.366
Burkina Faso,2019,4.587,0.331,0.38
Armenia,2019,4.559,0.85,0.815
Iran,2019,4.548,1.1,0.785
Guinea,2019,4.534,0.38,0.375
Georgia,2019,4.519,0.886,0.752
Gambia,2019,4.516,0.308,0.428
Kenya,2019,4.509,0.512,0.581
Mauritania,2019,4.49,0.57,0.489
Mozambique,2019,4.466,0.204,0.39
Tunisia,2019,4.461,0.921,0.815
Bangladesh,2019,4.456,0.562,0.723
Iraq,2019,4.437,1.043,0.574
Congo (Kinshasa),2019,4.418,0.094,0.357
Mali,2019,4.39,0.385,0.308
Sierra Leone,2019,4.374,0.268,0.242
Sri Lanka,2019,4.366,0.949,0.831
Myanmar,2019,4.36,0.71,0.555
Chad,2019,4.35,0.35,0.192
Ukraine,2019,4.332,0.82,0.739
Ethiopia,2019,4.286,0.336,0.532
Swaziland,2019,4.212,0.811,0.0
Uganda,2019,4.189,0.332,0.443
Egypt,2019,4.166,0.913,0.644
Zambia,2019,4.107,0.578,0.426
Togo,2019,4.085,0.275,0.41
India,2019,4.015,0.755,0.588
Liberia,2019,3.975,0.073,0.443
Comoros,2019,3.973,0.274,0.505
Madagascar,2019,3.933,0.274,0.555
Lesotho,2019,3.802,0.489,0.168
Burundi,2019,3.775,0.046,0.38
Zimbabwe,2019,3.663,0.366,0.433
Haiti,2019,3.597,0.323,0.449
Botswana,2019,3.488,1.041,0.538
Syria,2019,3.462,0.619,0.44
Malawi,2019,3.41,0.191,0.495
Yemen,2019,3.38,0.287,0.463
Rwanda,2019,3.334,0.359,0.614
Tanzania,2019,3.231,0.476,0.499
Afghanistan,2019,3.203,0.35,0.361
Central African Republic,2019,3.083,0.026,0.105
South Sudan,2019,2.853,0.306,0.295
